id,state,account_length,area_code,phone_number,international_plan,voice_mail_plan,number_vmail_messages,total_day_minutes,total_day_calls,total_day_charge,total_eve_minutes,total_eve_calls,total_eve_charge,total_night_minutes,total_night_calls,total_night_charge,total_intl_minutes,total_intl_calls,total_intl_charge,Churn
6,AL,118,510,391-8027,yes,no,0,223.4,98,37.98,220.6,101,18.75,203.9,118,9.18,6.3,6,1.7,0
9,LA,117,408,335-4719,no,no,0,184.5,97,31.37,351.6,80,29.89,215.8,90,9.71,8.7,4,2.35,0
11,IN,65,415,329-6603,no,no,0,129.1,137,21.95,228.5,83,19.42,208.8,111,9.4,12.7,6,3.43,1
22,CO,77,408,393-7984,no,no,0,62.4,89,10.61,169.9,121,14.44,209.6,64,9.43,5.7,6,1.54,1
40,NJ,149,408,332-9891,no,no,0,140.4,94,23.87,271.8,92,23.1,188.3,108,8.47,11.1,9,3.0,0
44,ID,160,415,390-7274,no,no,0,85.8,77,14.59,165.3,110,14.05,178.5,92,8.03,9.2,4,2.48,0
46,OR,59,408,353-3061,no,yes,28,120.9,97,20.55,213.0,92,18.11,163.1,116,7.34,8.5,5,2.3,0
66,WA,40,415,352-8305,no,yes,41,148.1,74,25.18,169.5,88,14.41,214.1,102,9.63,6.2,5,1.67,0
84,GA,70,415,411-1530,no,yes,24,249.5,101,42.42,259.7,98,22.07,222.7,68,10.02,9.8,4,2.65,0
85,TX,106,510,395-3026,no,no,0,210.6,96,35.8,249.2,85,21.18,191.4,88,8.61,12.4,1,3.35,1
106,AZ,95,408,334-2577,no,no,0,238.1,65,40.48,187.2,98,15.91,190.0,115,8.55,11.8,4,3.19,0
112,MA,103,415,337-4697,no,no,0,185.0,117,31.45,223.3,94,18.98,222.8,91,10.03,12.6,2,3.4,0
124,MS,193,415,329-4391,no,no,0,170.9,124,29.05,132.3,95,11.25,112.9,89,5.08,11.6,3,3.13,0
127,MS,162,415,335-4858,no,no,0,70.7,108,12.02,157.5,87,13.39,154.8,82,6.97,9.1,3,2.46,1
132,CA,75,408,355-2909,no,no,0,166.3,125,28.27,158.2,86,13.45,256.7,80,11.55,6.1,5,1.65,0
141,DE,110,510,346-2359,no,no,0,148.5,115,25.25,276.4,84,23.49,193.6,112,8.71,12.4,3,3.35,0
162,VA,141,415,417-4885,no,no,0,217.1,110,36.91,241.5,111,20.53,253.5,103,11.41,12.0,6,3.24,0
172,NH,64,408,394-2445,no,yes,27,182.1,91,30.96,169.7,98,14.42,164.7,86,7.41,10.6,5,2.86,0
173,NM,25,415,381-2709,no,no,0,119.3,87,20.28,211.5,101,17.98,268.9,86,12.1,10.5,4,2.84,0
186,NM,73,415,333-3221,no,no,0,214.3,145,36.43,268.5,135,22.82,241.2,92,10.85,10.8,13,2.92,0
195,OK,118,408,408-6496,no,yes,23,289.5,52,49.22,166.6,111,14.16,119.1,88,5.36,9.5,4,2.57,0
196,MD,117,415,385-7688,no,yes,23,198.1,86,33.68,177.0,86,15.05,180.5,92,8.12,6.8,6,1.84,0
226,IN,65,415,388-9568,no,no,0,213.4,111,36.28,234.5,94,19.93,250.1,123,11.25,2.7,4,0.73,0
236,MN,139,510,374-9107,no,no,0,134.4,106,22.85,211.3,98,17.96,193.6,125,8.71,10.2,2,2.75,1
253,MS,82,408,345-6043,no,no,0,207.0,90,35.19,232.9,83,19.8,172.4,108,7.76,9.1,8,2.46,0
256,FL,106,408,385-2488,no,yes,32,165.9,126,28.2,216.5,93,18.4,173.1,86,7.79,14.1,8,3.81,0
259,KS,92,408,386-4170,yes,no,0,62.6,111,10.64,180.6,126,15.35,221.7,80,9.98,10.4,2,2.81,1
260,UT,59,510,413-1269,no,no,0,155.2,79,26.38,235.3,123,20.0,169.4,80,7.62,8.7,4,2.35,0
264,SC,78,510,377-8608,no,no,0,168.3,110,28.61,221.2,73,18.8,241.0,136,10.85,12.5,1,3.38,0
277,HI,148,510,416-3915,yes,no,0,218.9,88,37.21,208.0,85,17.68,203.3,99,9.15,11.1,4,3.0,0
282,MN,81,415,369-2625,no,no,0,198.4,93,33.73,210.9,108,17.93,193.3,71,8.7,10.4,6,2.81,0
285,DE,71,415,362-7318,no,no,0,197.9,108,33.64,181.5,109,15.43,281.4,56,12.66,6.7,5,1.81,0
295,WI,96,510,343-2605,no,yes,18,172.7,86,29.36,133.4,113,11.34,259.5,70,11.68,9.8,3,2.65,0
296,IN,166,510,350-6759,no,no,0,204.2,115,34.71,179.9,152,15.29,216.8,109,9.76,9.5,5,2.57,0
303,RI,121,408,329-7347,no,no,0,170.4,108,28.97,350.5,68,29.79,297.0,87,13.37,11.2,3,3.02,1
306,MO,196,415,393-2373,no,no,0,234.0,109,39.78,249.5,114,21.21,173.1,70,7.79,9.1,5,2.46,0
310,SD,209,415,413-5310,no,no,0,227.2,128,38.62,258.4,92,21.96,183.5,74,8.26,8.9,4,2.4,0
316,MA,39,408,332-2462,no,no,0,60.4,158,10.27,306.2,120,26.03,123.9,46,5.58,12.4,3,3.35,0
319,ID,173,510,363-5819,no,yes,21,232.4,96,39.51,211.9,118,18.01,273.0,102,12.29,5.0,5,1.35,0
329,IA,76,510,330-9833,no,no,0,198.3,130,33.71,217.1,86,18.45,188.4,96,8.48,12.5,3,3.38,0
339,OR,77,510,409-8814,no,no,0,233.8,104,39.75,266.5,94,22.65,212.7,104,9.57,7.6,3,2.05,0
350,FL,100,510,420-7823,no,no,0,107.0,63,18.19,105.7,67,8.98,243.1,74,10.94,12.8,3,3.46,1
368,MD,45,415,350-1040,no,no,0,78.2,127,13.29,253.4,108,21.54,255.0,100,11.48,18.0,3,4.86,0
386,KS,137,415,346-8581,no,no,0,230.2,113,39.13,220.4,79,18.73,204.7,111,9.21,10.7,7,2.89,0
392,MA,35,415,401-3156,no,no,0,105.6,129,17.95,258.2,129,21.95,213.1,77,9.59,8.7,3,2.35,0
395,WI,16,510,405-5305,no,no,0,229.6,78,39.03,205.7,108,17.48,166.2,91,7.48,10.8,2,2.92,1
400,DC,66,415,402-5155,no,no,0,167.3,91,28.44,230.0,68,19.55,191.7,118,8.63,10.6,5,2.86,1
410,TX,145,415,351-4288,no,no,0,187.9,110,31.94,197.0,117,16.75,167.0,108,7.52,4.8,4,1.3,0
415,OR,76,415,410-9477,no,no,0,169.5,77,28.82,124.0,87,10.54,219.4,92,9.87,10.0,3,2.7,0
417,DE,224,510,361-6563,yes,no,0,171.5,99,29.16,160.0,103,13.6,212.4,102,9.56,5.0,2,1.35,1
418,AZ,117,408,417-4404,no,no,0,239.9,84,40.78,174.8,106,14.86,209.5,93,9.43,9.8,2,2.65,0
424,IN,96,415,356-9187,no,yes,45,248.8,124,42.3,140.3,77,11.93,263.6,102,11.86,10.3,2,2.78,0
428,NH,67,415,355-1113,no,yes,40,104.9,65,17.83,216.3,93,18.39,217.4,128,9.78,9.6,9,2.59,0
439,WY,113,510,352-6573,no,no,0,155.0,93,26.35,330.6,106,28.1,189.4,123,8.52,13.5,3,3.65,0
461,UT,90,415,384-1621,no,no,0,261.8,128,44.51,220.6,104,18.75,136.6,91,6.15,9.6,5,2.59,0
474,WV,72,510,418-6651,no,yes,33,96.6,59,16.42,315.4,98,26.81,163.3,117,7.35,6.2,4,1.67,1
477,UT,50,510,406-3890,no,no,0,258.1,106,43.88,161.4,106,13.72,225.1,110,10.13,11.7,5,3.16,0
483,MD,74,415,331-9293,no,no,0,155.7,116,26.47,173.7,63,14.76,257.4,97,11.58,8.1,4,2.19,0
503,MI,93,415,366-7247,yes,no,0,216.9,61,36.87,207.4,120,17.63,221.7,110,9.98,17.5,5,4.73,1
515,AL,60,408,411-7778,yes,yes,29,265.9,113,45.2,215.8,94,18.34,108.1,82,4.86,14.0,12,3.78,1
518,OK,52,408,389-4780,no,no,0,214.7,68,36.5,158.6,138,13.48,123.4,114,5.55,9.4,4,2.54,0
522,SC,88,510,394-8402,no,no,0,73.3,86,12.46,161.4,82,13.72,239.6,76,10.78,8.2,3,2.21,1
530,DC,100,510,403-2455,yes,no,0,68.5,110,11.65,337.1,115,28.65,205.2,99,9.23,12.1,9,3.27,0
532,AL,77,415,408-4174,no,no,0,163.0,112,27.71,219.1,89,18.62,233.4,66,10.5,6.7,3,1.81,0
533,OR,98,415,366-4334,no,yes,38,213.7,61,36.33,253.0,104,21.51,207.7,73,9.35,10.7,5,2.89,0
538,UT,190,415,398-9870,no,yes,22,166.5,93,28.31,183.0,92,15.56,121.0,102,5.44,8.5,3,2.3,0
543,MN,152,415,416-2778,yes,yes,20,237.5,120,40.38,253.4,94,21.54,265.2,80,11.93,14.2,3,3.83,1
545,MD,79,510,391-7661,no,yes,31,103.1,90,17.53,243.0,135,20.66,76.4,92,3.44,12.2,8,3.29,0
552,NY,157,415,421-1189,no,no,0,224.5,111,38.17,200.7,99,17.06,116.6,118,5.25,11.5,2,3.11,0
558,TX,58,408,420-1259,no,yes,20,194.5,110,33.07,213.7,89,18.16,236.6,92,10.65,9.5,2,2.57,0
565,CT,66,415,417-7973,no,yes,29,229.4,104,39.0,257.4,84,21.88,231.5,119,10.42,8.0,1,2.16,0
567,AZ,75,510,385-7387,no,yes,37,121.5,97,20.66,271.4,110,23.07,248.7,97,11.19,11.3,5,3.05,0
578,OR,110,408,333-3421,no,no,0,149.8,112,25.47,180.0,93,15.3,140.0,119,6.3,11.7,4,3.16,0
598,NY,39,408,356-1889,no,no,0,160.4,68,27.27,102.6,103,8.72,235.3,106,10.59,9.1,5,2.46,0
601,MI,102,510,336-4656,no,no,0,102.6,89,17.44,246.0,77,20.91,170.5,140,7.67,9.1,4,2.46,0
603,WV,143,510,350-1354,no,no,0,202.8,109,34.48,165.8,104,14.09,143.9,71,6.48,4.6,4,1.24,0
606,MO,112,415,373-2053,no,no,0,335.5,77,57.04,212.5,109,18.06,265.0,132,11.93,12.7,8,3.43,1
622,DC,126,510,362-8280,no,no,0,122.4,88,20.81,143.8,111,12.22,157.0,106,7.07,11.5,3,3.11,0
649,WI,131,415,331-3174,no,yes,39,69.1,122,11.75,101.3,136,8.61,104.8,94,4.72,9.1,4,2.46,0
653,AR,54,415,396-2867,no,yes,39,206.9,143,35.17,127.8,72,10.86,199.2,120,8.96,9.2,1,2.48,0
654,WY,87,415,341-9443,no,yes,22,263.8,65,44.85,103.4,115,8.79,208.1,109,9.36,8.5,3,2.3,0
657,MN,55,415,397-6109,no,no,0,175.6,147,29.85,161.8,118,13.75,289.5,55,13.03,9.3,4,2.51,0
673,IL,151,408,386-5303,no,no,0,175.3,106,29.8,144.3,87,12.27,160.2,88,7.21,11.8,5,3.19,0
675,DE,119,415,345-5338,no,no,0,176.8,90,30.06,224.7,81,19.1,204.6,77,9.21,7.5,15,2.03,0
677,MA,42,408,364-6801,no,no,0,241.2,134,41.0,116.5,114,9.9,152.2,91,6.85,10.6,4,2.86,0
693,NE,82,408,343-2741,no,no,0,185.8,36,31.59,276.5,134,23.5,192.1,104,8.64,5.7,7,1.54,0
715,SD,168,415,369-6204,no,yes,22,175.9,70,29.9,211.7,105,17.99,174.5,81,7.85,7.3,5,1.97,0
731,WY,94,510,353-8363,no,no,0,271.2,105,46.1,202.6,105,17.22,221.6,51,9.97,11.5,3,3.11,1
742,NE,66,415,337-1225,no,no,0,34.0,133,5.78,278.6,61,23.68,129.6,120,5.83,11.5,3,3.11,0
743,FL,116,415,394-6577,no,yes,17,193.4,112,32.88,240.6,131,20.45,248.1,98,11.16,11.4,3,3.08,0
749,LA,106,408,374-2073,no,no,0,220.7,120,37.52,270.2,95,22.97,121.6,113,5.47,8.7,5,2.35,0
753,CO,22,510,327-1319,no,yes,23,182.1,94,30.96,164.6,59,13.99,128.8,102,5.8,12.7,4,3.43,0
756,OR,69,415,401-8377,no,no,0,167.5,76,28.48,242.1,92,20.58,101.2,103,4.55,11.4,4,3.08,0
767,PA,122,415,383-4061,yes,no,0,230.9,132,39.25,243.2,99,20.67,182.4,57,8.21,11.0,2,2.97,1
777,AL,61,415,399-4094,no,yes,20,254.4,133,43.25,161.7,96,13.74,251.4,91,11.31,10.5,4,2.84,0
786,PA,69,415,390-5686,no,no,0,228.2,70,38.79,263.7,80,22.41,142.6,60,6.42,10.7,5,2.89,0
795,HI,73,408,388-1250,no,no,0,187.3,118,31.84,239.7,90,20.37,167.5,108,7.54,15.1,2,4.08,0
810,DE,171,510,363-8244,no,yes,17,186.9,94,31.77,240.0,138,20.4,200.9,64,9.04,5.8,3,1.57,0
813,AK,156,510,341-4075,no,no,0,123.7,96,21.03,103.0,80,8.76,189.4,82,8.52,13.1,4,3.54,0
815,WA,75,510,367-1424,no,yes,41,130.9,115,22.25,203.4,110,17.29,171.7,68,7.73,12.4,4,3.35,0
817,OH,83,510,342-9480,no,no,0,227.9,78,38.74,207.5,115,17.64,211.7,100,9.53,12.1,5,3.27,0
833,SC,87,408,335-1874,no,no,0,322.5,106,54.83,204.6,93,17.39,186.2,128,8.38,9.4,4,2.54,1
835,FL,104,415,381-5047,no,no,0,76.4,116,12.99,115.6,74,9.83,226.3,94,10.18,9.4,3,2.54,0
836,GA,27,510,403-6850,no,no,0,72.7,75,12.36,208.6,117,17.73,65.8,71,2.96,9.9,3,2.67,0
848,ND,70,415,343-2392,no,yes,31,125.9,101,21.4,196.4,102,16.69,252.7,75,11.37,10.3,4,2.78,0
854,RI,70,415,369-4962,no,no,0,134.7,96,22.9,235.9,90,20.05,260.2,113,11.71,7.6,6,2.05,0
886,ME,66,408,378-4145,no,yes,26,254.9,108,43.33,243.2,135,20.67,190.8,95,8.59,5.4,3,1.46,0
888,IA,128,408,335-8146,no,no,0,158.8,75,27.0,264.8,91,22.51,270.0,77,12.15,7.6,7,2.05,0
889,CO,104,415,377-2235,no,no,0,182.9,113,31.09,239.6,85,20.37,229.8,104,10.34,5.5,4,1.49,0
897,VT,125,415,372-4722,no,no,0,126.7,113,21.54,155.5,131,13.22,206.2,112,9.28,14.4,7,3.89,0
908,UT,118,415,355-3602,no,yes,24,118.1,83,20.08,109.6,72,9.32,245.5,73,11.05,16.9,2,4.56,0
964,MO,142,415,417-2054,no,yes,30,154.0,75,26.18,165.8,97,14.09,270.0,83,12.15,10.8,5,2.92,0
983,ND,84,415,400-7253,no,yes,33,159.1,106,27.05,149.8,101,12.73,213.4,108,9.6,13.0,18,3.51,0
989,NV,138,510,395-8595,no,no,0,171.4,117,29.14,115.2,128,9.79,224.5,115,10.1,17.0,4,4.59,0
991,SC,38,415,375-5439,no,yes,31,197.2,118,33.52,249.9,70,21.24,298.9,104,13.45,3.9,2,1.05,0
993,MI,45,510,375-8934,no,yes,26,91.7,104,15.59,150.6,119,12.8,63.3,103,2.85,7.7,5,2.08,0
997,IL,179,510,348-2150,no,no,0,116.1,101,19.74,201.8,99,17.15,181.9,103,8.19,11.6,5,3.13,0
1022,WV,67,408,406-6708,no,no,0,167.8,91,28.53,167.7,69,14.25,110.3,71,4.96,8.4,12,2.27,0
1023,LA,154,510,388-8670,no,no,0,166.9,99,28.37,154.9,97,13.17,189.4,89,8.52,7.2,5,1.94,0
1027,AL,67,415,338-7683,no,yes,28,95.0,94,16.15,291.2,73,24.75,159.6,114,7.18,10.0,2,2.7,0
1031,VA,99,415,400-6257,no,yes,42,216.0,125,36.72,232.3,104,19.75,215.5,100,9.7,9.3,4,2.51,1
1033,IN,87,510,384-3101,no,no,0,234.8,85,39.92,140.9,91,11.98,204.3,93,9.19,9.5,5,2.57,0
1036,VT,119,510,403-1769,no,no,0,190.4,74,32.37,215.6,113,18.33,161.2,111,7.25,10.0,1,2.7,0
1046,TX,217,408,385-7082,no,no,0,176.4,115,29.99,158.8,128,13.5,306.6,107,13.8,9.3,3,2.51,0
1055,AK,50,408,362-8331,no,no,0,183.6,107,31.21,58.6,118,4.98,202.6,99,9.12,8.7,3,2.35,0
1058,WV,86,415,332-2258,no,yes,38,123.0,158,20.91,133.9,119,11.38,138.2,103,6.22,13.3,4,3.59,0
1099,ND,98,510,347-9737,no,no,0,187.2,127,31.82,195.6,88,16.63,181.8,129,8.18,5.1,4,1.38,0
1100,HI,157,415,333-7961,no,no,0,276.2,95,46.95,165.8,119,14.09,151.6,79,6.82,2.2,4,0.59,0
1102,WV,30,510,411-8043,no,no,0,162.3,96,27.59,244.0,122,20.74,180.1,89,8.1,9.1,4,2.46,0
1106,NJ,135,510,401-8735,no,yes,28,201.4,100,34.24,246.5,117,20.95,154.8,131,6.97,12.9,4,3.48,1
1108,DE,98,415,327-5817,no,yes,29,179.9,97,30.58,189.2,89,16.08,164.3,76,7.39,12.8,7,3.46,0
1130,AL,71,415,362-7835,no,no,0,103.3,103,17.56,138.5,79,11.77,164.8,98,7.42,9.0,2,2.43,0
1146,ID,31,415,389-5649,no,no,0,177.3,129,30.14,152.8,105,12.99,162.9,92,7.33,5.1,2,1.38,0
1148,MN,95,408,340-4627,no,yes,32,262.2,123,44.57,165.2,82,14.04,194.3,57,8.74,10.6,5,2.86,0
1161,TX,47,408,392-6841,no,yes,28,112.2,70,19.07,154.8,106,13.16,166.7,105,7.5,10.6,2,2.86,0
1188,FL,142,415,357-4936,no,yes,26,220.5,94,37.49,239.5,126,20.36,254.3,109,11.44,5.9,9,1.59,0
1195,VT,48,510,408-2621,no,no,0,188.4,63,32.03,165.9,89,14.1,205.7,71,9.26,13.2,2,3.56,0
1216,NH,139,510,383-2017,no,no,0,221.3,140,37.62,157.8,89,13.41,192.5,89,8.66,11.3,6,3.05,0
1220,KS,36,510,368-8835,no,no,0,178.6,83,30.36,213.1,103,18.11,198.0,119,8.91,10.9,5,2.94,0
1221,NV,180,510,351-1382,no,no,0,139.0,96,23.63,224.9,64,19.12,170.8,118,7.69,15.7,5,4.24,0
1232,CO,105,408,334-8694,no,no,0,270.9,98,46.05,226.2,110,19.23,178.8,60,8.05,8.8,5,2.38,1
1235,IA,86,408,390-3873,no,no,0,126.3,115,21.47,168.8,112,14.35,154.6,95,6.96,9.8,7,2.65,0
1242,OK,159,510,333-3460,no,no,0,198.8,107,33.8,195.5,91,16.62,213.3,120,9.6,16.5,7,4.46,0
1244,MT,116,415,384-5907,no,yes,35,182.8,122,31.08,212.7,119,18.08,193.8,103,8.72,11.0,2,2.97,0
1249,PA,101,415,368-2074,yes,no,0,193.7,108,32.93,186.6,98,15.86,223.0,100,10.04,11.6,8,3.13,0
1252,TX,87,415,420-7301,no,no,0,169.1,105,28.75,169.9,102,14.44,244.9,106,11.02,9.9,10,2.67,0
1268,IN,86,415,365-5039,no,no,0,166.2,112,28.25,255.3,81,21.7,228.1,97,10.26,5.4,7,1.46,0
1269,NJ,131,415,411-1810,no,no,0,211.8,115,36.01,260.5,102,22.14,144.2,96,6.49,10.8,7,2.92,0
1271,MT,74,415,335-9066,no,no,0,162.7,102,27.66,292.0,105,24.82,183.3,80,8.25,8.7,6,2.35,0
1272,ND,81,408,362-7581,yes,yes,37,237.1,76,40.31,264.2,125,22.46,271.3,120,12.21,7.9,3,2.13,0
1291,CA,92,408,355-9324,no,no,0,249.4,118,42.4,211.5,95,17.98,169.0,116,7.61,9.1,3,2.46,0
1298,HI,98,415,395-5015,no,yes,31,181.6,112,30.87,220.7,100,18.76,236.3,121,10.63,12.9,4,3.48,0
1301,IA,46,510,380-5873,no,no,0,199.2,111,33.86,175.1,83,14.88,210.6,84,9.48,10.2,2,2.75,0
1307,TX,82,415,395-9215,no,no,0,189.2,81,32.16,184.4,117,15.67,255.8,83,11.51,10.6,5,2.86,1
1309,VA,87,415,347-3958,no,no,0,171.6,119,29.17,205.0,107,17.43,170.6,114,7.68,13.8,4,3.73,0
1311,WA,45,510,399-3083,no,no,0,78.6,106,13.36,187.3,110,15.92,184.2,111,8.29,7.4,5,2.0,1
1318,NE,89,415,420-6414,no,yes,29,163.5,80,27.8,274.8,136,23.36,381.9,147,17.19,7.5,5,2.03,0
1320,WI,101,415,352-7234,no,no,0,248.6,102,42.26,174.9,93,14.87,207.2,86,9.32,6.1,3,1.65,0
1321,AR,103,415,337-9878,no,yes,31,185.4,105,31.52,197.6,126,16.8,147.1,110,6.62,14.5,4,3.92,0
1325,VA,118,415,392-3315,no,no,0,154.6,112,26.28,184.2,105,15.66,217.4,102,9.78,12.6,5,3.4,0
1356,TX,50,408,330-6436,no,yes,31,302.7,93,51.46,240.5,119,20.44,193.9,103,8.73,13.6,14,3.67,0
1365,CT,115,415,339-1330,no,no,0,245.0,97,41.65,250.7,75,21.31,270.2,124,12.16,13.7,8,3.7,1
1388,CT,212,415,366-6751,no,no,0,126.0,96,21.42,144.3,80,12.27,302.8,102,13.63,7.6,3,2.05,0
1389,IN,99,415,397-8512,yes,no,0,197.2,127,33.52,156.0,92,13.26,204.1,99,9.18,9.9,6,2.67,0
1396,UT,103,415,368-5647,no,no,0,189.8,110,32.27,115.5,83,9.82,191.3,103,8.61,12.2,4,3.29,0
1406,MT,125,510,366-5829,no,no,0,143.2,80,24.34,88.1,94,7.49,233.2,135,10.49,8.8,7,2.38,1
1409,NM,232,408,386-9177,no,no,0,165.6,104,28.15,195.9,115,16.65,118.3,77,5.32,11.8,3,3.19,0
1417,NV,27,510,398-7414,no,no,0,177.6,121,30.19,296.8,92,25.23,192.9,106,8.68,7.6,3,2.05,0
1424,WY,127,415,412-3726,yes,yes,28,95.9,117,16.3,159.5,131,13.56,152.8,132,6.88,10.4,3,2.81,0
1426,NM,55,510,338-9873,no,no,0,119.7,148,20.35,231.8,96,19.7,222.3,113,10.0,4.6,2,1.24,0
1427,VA,86,415,383-4322,no,yes,30,99.9,84,16.98,263.5,125,22.4,254.7,90,11.46,9.8,7,2.65,0
1431,WV,48,415,367-2056,no,yes,34,198.0,70,33.66,273.7,121,23.26,217.9,71,9.81,7.6,4,2.05,0
1438,WI,126,415,378-3722,yes,yes,34,244.9,118,41.63,219.6,105,18.67,210.8,136,9.49,9.7,6,2.62,0
1454,UT,105,415,395-7857,no,yes,40,236.5,111,40.21,117.0,110,9.95,221.1,115,9.95,8.1,3,2.19,0
1461,MT,80,415,361-8288,no,no,0,198.1,160,33.68,156.7,87,13.32,182.1,76,8.19,9.3,3,2.51,0
1501,ID,96,408,363-3295,no,no,0,170.5,86,28.99,277.5,88,23.59,162.5,117,7.31,12.2,6,3.29,0
1507,MD,136,415,336-6997,no,no,0,252.4,74,42.91,167.9,81,14.27,248.3,110,11.17,10.7,3,2.89,0
1515,MA,51,415,389-3206,no,no,0,183.1,99,31.13,160.1,107,13.61,311.8,121,14.03,7.0,3,1.89,0
1517,UT,68,415,403-8916,no,no,0,213.9,112,36.36,260.5,100,22.14,233.8,97,10.52,8.4,3,2.27,1
1536,ME,99,415,347-8205,no,no,0,222.4,102,37.81,185.8,89,15.79,237.7,81,10.7,12.0,8,3.24,0
1538,ME,118,408,384-8723,yes,yes,21,156.5,122,26.61,209.2,125,17.78,158.7,81,7.14,11.1,3,3.0,1
1540,PA,128,408,353-6038,yes,no,0,245.2,112,41.68,101.5,101,8.63,152.3,116,6.85,10.7,5,2.89,0
1541,HI,117,408,416-8827,no,no,0,102.3,100,17.39,135.2,104,11.49,199.7,93,8.99,15.7,10,4.24,0
1543,DC,81,510,385-7861,yes,no,0,227.4,105,38.66,211.5,120,17.98,258.2,113,11.62,11.9,3,3.21,0
1551,SC,106,408,330-4914,no,no,0,52.2,106,8.87,220.1,113,18.71,112.3,95,5.05,11.4,2,3.08,0
1555,ID,169,415,399-9239,no,no,0,235.7,79,40.07,136.9,85,11.64,220.9,97,9.94,13.3,10,3.59,0
1570,NC,73,415,414-5786,no,yes,31,194.4,104,33.05,176.0,84,14.96,230.1,110,10.35,11.5,3,3.11,0
1573,MA,57,510,352-4541,no,no,0,154.2,78,26.21,196.7,85,16.72,253.5,97,11.41,10.1,9,2.73,0
1575,SD,122,415,406-7737,yes,yes,40,216.4,80,36.79,249.7,90,21.22,185.9,99,8.37,12.7,4,3.43,0
1591,MD,75,415,367-9765,no,yes,39,198.2,107,33.69,280.4,132,23.83,129.6,73,5.83,11.3,7,3.05,0
1602,AR,99,510,387-2604,yes,no,0,242.3,102,41.19,350.9,102,29.83,163.1,93,7.34,11.3,3,3.05,1
1614,AL,95,415,390-3565,no,no,0,194.6,114,33.08,232.8,106,19.79,173.4,92,7.8,3.8,2,1.03,0
1623,KS,117,415,372-1493,no,no,0,184.8,83,31.42,248.6,101,21.13,133.1,113,5.99,9.6,8,2.59,0
1624,ME,130,408,387-6031,no,no,0,176.3,140,29.97,201.0,104,17.09,161.9,123,7.29,11.3,5,3.05,0
1637,MN,65,510,354-8491,no,yes,29,158.1,104,26.88,322.2,81,27.39,210.0,96,9.45,8.9,6,2.4,0
1649,VA,102,510,398-5788,no,no,0,174.5,79,29.67,236.8,136,20.13,270.4,110,12.17,8.5,5,2.3,0
1653,TN,176,415,418-2402,no,yes,23,283.2,130,48.14,162.6,74,13.82,177.7,104,8.0,7.2,6,1.94,0
1655,WI,84,510,378-9090,no,yes,12,89.7,87,15.25,138.6,73,11.78,165.8,114,7.46,10.7,2,2.89,0
1659,UT,111,510,347-4982,no,no,0,191.3,80,32.52,138.5,94,11.77,246.0,107,11.07,6.4,3,1.73,0
1664,WV,191,408,351-8398,no,no,0,162.0,104,27.54,241.2,120,20.5,210.4,83,9.47,10.9,7,2.94,0
1668,UT,78,415,390-9698,no,no,0,193.1,85,32.83,172.1,105,14.63,129.6,119,5.83,10.2,1,2.75,0
1685,KY,115,510,380-5102,no,no,0,99.7,107,16.95,145.1,96,12.33,149.4,99,6.72,14.1,4,3.81,0
1687,CT,163,408,398-8122,no,yes,40,231.9,56,39.42,211.8,91,18.0,268.5,74,12.08,12.3,3,3.32,0
1689,MN,98,415,384-7459,no,no,0,72.8,107,12.38,186.4,103,15.84,175.3,110,7.89,10.5,4,2.84,0
1699,FL,133,510,392-8318,no,no,0,201.7,85,34.29,169.4,116,14.4,286.3,80,12.88,6.0,4,1.62,0
1703,OR,140,415,333-5101,no,no,0,120.3,108,20.45,240.4,84,20.43,216.4,74,9.74,7.7,3,2.08,1
1708,WV,50,408,348-7193,no,no,0,131.1,129,22.29,160.5,94,13.64,206.9,88,9.31,5.6,9,1.51,1
1711,OH,146,415,358-3604,no,no,0,169.5,93,28.82,230.9,71,19.63,269.8,115,12.14,9.0,7,2.43,0
1716,NC,83,510,366-2541,no,yes,36,95.9,87,16.3,261.6,105,22.24,228.6,109,10.29,13.3,4,3.59,0
1718,MI,70,510,400-7809,no,no,0,129.9,102,22.08,208.7,133,17.74,231.4,93,10.41,14.3,3,3.86,0
1723,MS,84,510,380-6722,no,no,0,75.3,96,12.8,179.9,113,15.29,193.8,134,8.72,12.3,1,3.32,0
1741,ND,153,415,386-1631,no,yes,31,218.5,130,37.15,134.2,103,11.41,118.9,105,5.35,9.4,6,2.54,0
1751,ME,23,510,376-9607,no,no,0,113.1,74,19.23,168.8,95,14.35,262.9,126,11.83,6.9,2,1.86,1
1759,OH,134,408,355-6826,no,no,0,202.7,105,34.46,224.9,90,19.12,253.9,108,11.43,12.1,7,3.27,0
1763,HI,146,510,390-2433,no,no,0,189.3,77,32.18,155.9,128,13.25,186.0,83,8.37,7.4,3,2.0,0
1768,AL,115,510,390-7370,no,yes,14,192.3,86,32.69,88.7,90,7.54,229.4,120,10.32,10.5,3,2.84,0
1771,OH,106,415,364-4927,no,no,0,158.6,112,26.96,220.0,114,18.7,252.9,106,11.38,9.1,3,2.46,0
1776,WI,142,408,343-3227,no,yes,24,239.8,103,40.77,285.9,65,24.3,256.7,106,11.55,9.5,4,2.57,0
1822,OH,123,408,396-6247,no,yes,39,270.4,99,45.97,245.1,110,20.83,108.9,113,4.9,15.4,7,4.16,0
1829,VA,102,408,348-5038,no,no,0,156.5,67,26.61,204.3,103,17.37,141.9,72,6.39,9.9,2,2.67,0
1830,AR,89,415,365-4728,no,yes,25,215.1,140,36.57,197.4,69,16.78,162.1,117,7.29,10.6,10,2.86,0
1835,MO,138,415,408-1340,no,yes,29,190.1,87,32.32,223.2,123,18.97,256.2,130,11.53,14.2,6,3.83,0
1847,NH,120,510,395-2579,no,yes,43,177.9,117,30.24,175.1,70,14.88,161.3,117,7.26,11.5,4,3.11,0
1869,MD,123,408,369-7049,no,no,0,206.9,115,35.17,224.4,86,19.07,197.4,60,8.88,8.3,2,2.24,0
1874,WI,107,510,395-8330,no,yes,25,248.6,91,42.26,119.3,115,10.14,194.3,83,8.74,12.0,1,3.24,0
1878,NC,55,408,359-7562,yes,no,0,221.0,115,37.57,165.4,97,14.06,235.4,117,10.59,9.7,4,2.62,0
1888,OK,105,510,405-4109,yes,yes,28,156.1,89,26.54,107.1,114,9.1,167.7,95,7.55,14.7,3,3.97,1
1890,SD,91,415,357-5696,no,no,0,153.0,123,26.01,141.1,127,11.99,171.5,76,7.72,10.3,15,2.78,1
1900,AZ,134,415,332-6633,no,yes,40,142.9,105,24.29,88.6,61,7.53,290.0,96,13.05,10.8,6,2.92,0
1913,NH,103,408,371-1727,no,no,0,150.6,125,25.6,169.1,126,14.37,221.2,104,9.95,10.4,8,2.81,1
1925,CT,124,415,332-3642,no,no,0,131.8,82,22.41,284.3,119,24.17,305.5,101,13.75,11.3,2,3.05,0
1930,WY,70,415,365-6205,no,no,0,175.4,130,29.82,159.5,130,13.56,260.6,96,11.73,11.6,4,3.13,0
1948,IL,76,510,400-8952,no,no,0,186.1,96,31.64,211.6,100,17.99,230.6,100,10.38,8.0,4,2.16,0
1956,NE,139,415,375-9930,no,no,0,211.1,103,35.89,206.9,108,17.59,193.9,70,8.73,5.6,4,1.51,0
1963,NM,94,415,388-8891,no,no,0,108.0,79,18.36,241.9,152,20.56,252.1,92,11.34,10.4,3,2.81,0
1968,WI,140,415,359-2197,no,no,0,129.6,79,22.03,246.2,99,20.93,172.1,124,7.74,9.4,10,2.54,0
1979,RI,106,510,417-4826,yes,no,0,204.0,84,34.68,168.5,61,14.32,164.0,102,7.38,13.3,3,3.59,1
1985,TN,112,415,339-6477,no,no,0,272.5,119,46.33,226.1,94,19.22,159.1,94,7.16,16.4,5,4.43,1
1988,AK,59,408,416-1845,no,no,0,159.5,96,27.12,167.2,123,14.21,138.6,106,6.24,10.2,4,2.75,0
1995,MD,84,510,369-2899,no,no,0,169.5,96,28.82,157.6,94,13.4,98.2,70,4.42,10.6,7,2.86,0
2002,TX,73,408,340-8323,no,no,0,286.4,109,48.69,178.2,67,15.15,214.2,152,9.64,10.7,14,2.89,1
2018,MD,165,415,398-4814,no,yes,39,167.4,113,28.46,172.7,94,14.68,192.6,113,8.67,9.5,4,2.57,0
2022,NY,104,415,391-1793,no,yes,26,189.1,112,32.15,178.2,97,15.15,199.3,104,8.97,11.1,4,3.0,0
2023,DE,115,408,352-5542,no,no,0,127.7,67,21.71,182.9,90,15.55,172.9,92,7.78,10.6,7,2.86,0
2026,IN,119,510,382-4952,no,no,0,154.5,129,26.27,193.6,87,16.46,180.9,145,8.14,13.4,3,3.62,0
2039,TX,136,408,335-4888,no,no,0,269.8,106,45.87,228.8,101,19.45,257.5,106,11.59,10.1,8,2.73,1
2040,MS,121,415,344-2260,no,yes,21,126.3,84,21.47,209.6,102,17.82,192.5,129,8.66,10.6,2,2.86,0
2041,IA,105,510,349-4070,no,yes,15,88.1,125,14.98,175.9,142,14.95,269.9,85,12.15,9.7,1,2.62,0
2051,MT,121,408,334-4354,no,no,0,213.2,79,36.24,120.7,116,10.26,244.4,102,11.0,7.5,4,2.03,0
2064,MD,90,415,353-3203,no,no,0,114.4,122,19.45,127.7,154,10.85,253.1,109,11.39,10.1,5,2.73,0
2077,NH,95,408,400-8538,yes,no,0,228.9,134,38.91,255.7,71,21.73,208.0,120,9.36,10.1,2,2.73,1
2081,MO,109,415,389-4695,no,no,0,200.1,72,34.02,300.9,120,25.58,236.0,68,10.62,11.9,5,3.21,0
2087,WY,146,408,348-3581,no,no,0,109.0,69,18.53,265.8,98,22.59,228.3,80,10.27,12.6,2,3.4,0
2097,KS,94,510,375-8505,no,yes,28,233.2,88,39.64,113.3,102,9.63,118.0,71,5.31,16.1,4,4.35,0
2108,MN,123,408,422-5350,no,no,0,236.2,135,40.15,273.9,88,23.28,227.0,77,10.22,10.1,6,2.73,1
2111,CT,102,415,421-6694,no,yes,25,137.4,100,23.36,176.7,83,15.02,188.2,93,8.47,10.2,6,2.75,0
2121,UT,81,510,329-6144,no,no,0,154.5,84,26.27,216.2,91,18.38,229.8,82,10.34,13.7,3,3.7,0
2124,OH,125,408,411-5748,no,no,0,106.1,95,18.04,157.6,113,13.4,192.5,69,8.66,8.1,3,2.19,0
2125,KS,43,415,381-9367,no,no,0,27.0,117,4.59,160.9,97,13.68,279.5,96,12.58,10.7,3,2.89,0
2133,GA,202,510,351-2589,no,no,0,115.4,137,19.62,178.7,70,15.19,185.7,113,8.36,6.0,3,1.62,0
2140,VA,92,510,411-2958,yes,no,0,252.3,120,42.89,207.0,112,17.6,284.6,95,12.81,12.0,5,3.24,1
2143,MT,100,415,385-7148,no,no,0,96.5,86,16.41,210.2,133,17.87,146.4,106,6.59,12.5,3,3.38,1
2147,AR,89,408,410-3725,yes,no,0,206.9,134,35.17,167.7,105,14.25,155.7,86,7.01,10.9,4,2.94,0
2151,SC,212,415,336-8343,no,no,0,226.0,127,38.42,304.6,83,25.89,181.2,132,8.15,12.6,4,3.4,1
2159,FL,166,510,367-1681,yes,no,0,47.7,89,8.11,264.4,95,22.47,235.2,97,10.58,13.2,3,3.56,1
2183,ID,170,510,343-2465,no,yes,37,178.1,130,30.28,242.8,103,20.64,243.0,93,10.93,13.0,4,3.51,0
2192,RI,113,415,415-2865,no,no,0,90.6,130,15.4,170.6,100,14.5,137.4,74,6.18,5.4,9,1.46,0
2199,FL,127,415,344-9302,no,no,0,261.7,105,44.49,181.8,107,15.45,100.9,131,4.54,3.3,5,0.89,0
2216,MS,13,415,413-7468,no,no,0,303.2,133,51.54,170.5,86,14.49,227.6,80,10.24,11.5,3,3.11,1
2222,FL,120,415,336-3738,no,no,0,184.5,103,31.37,209.0,86,17.77,169.7,70,7.64,10.2,6,2.75,0
2230,OH,83,415,376-5375,no,yes,25,191.3,95,32.52,250.7,136,21.31,249.4,86,11.22,17.6,5,4.75,0
2231,NC,109,510,361-9839,yes,no,0,209.1,141,35.55,205.0,93,17.43,119.4,111,5.37,7.8,3,2.11,0
2270,AK,138,415,340-3409,no,yes,37,75.8,102,12.89,173.6,147,14.76,162.6,96,7.32,8.2,13,2.21,0
2271,AK,146,415,397-5911,no,no,0,195.9,86,33.3,228.6,82,19.43,303.5,94,13.66,12.2,4,3.29,0
2273,WV,74,510,392-6073,no,no,0,124.0,102,21.08,262.1,101,22.28,268.2,98,12.07,11.7,2,3.16,0
2295,WV,59,510,362-9391,no,no,0,189.7,100,32.25,115.9,133,9.85,220.6,115,9.93,7.4,4,2.0,0
2301,FL,106,510,389-6955,no,no,0,159.6,94,27.13,276.8,118,23.53,223.5,65,10.06,8.8,3,2.38,0
2308,MI,61,415,349-5617,no,yes,33,270.7,53,46.02,200.7,116,17.06,201.7,102,9.08,10.9,3,2.94,0
2314,MD,160,415,348-3338,no,no,0,256.0,111,43.52,187.4,61,15.93,119.1,81,5.36,11.5,4,3.11,0
2326,UT,110,415,375-3826,no,no,0,271.1,108,46.09,237.0,122,20.15,239.9,122,10.8,9.8,5,2.65,1
2332,IN,46,415,368-9751,no,yes,34,191.4,102,32.54,361.8,96,30.75,147.5,132,6.64,7.2,2,1.94,0
2334,NM,16,510,367-9259,no,no,0,144.8,84,24.62,164.9,141,14.02,231.5,75,10.42,8.2,4,2.21,0
2340,WV,84,408,354-4752,no,no,0,86.0,83,14.62,260.7,86,22.16,98.6,109,4.44,8.9,4,2.4,0
2351,PA,176,415,422-5264,no,no,0,169.5,151,28.82,112.9,84,9.6,56.6,99,2.55,8.7,4,2.35,0
2354,MO,101,415,417-7913,yes,no,0,133.5,51,22.7,219.6,96,18.67,210.0,74,9.45,11.7,4,3.16,0
2375,WY,157,415,348-9938,yes,no,0,180.4,123,30.67,194.0,98,16.49,227.3,88,10.23,8.4,5,2.27,0
2411,CO,90,408,371-4788,no,no,0,109.9,102,18.68,220.8,114,18.77,104.0,133,4.68,10.9,6,2.94,0
2425,MT,97,415,416-7013,no,yes,15,117.6,97,19.99,196.3,126,16.69,157.4,113,7.08,6.4,3,1.73,0
2437,NM,63,510,405-8753,no,no,0,207.6,96,35.29,229.0,112,19.47,162.6,131,7.32,13.3,2,3.59,0
2438,CA,105,415,409-9911,no,yes,31,109.6,108,18.63,249.3,119,21.19,321.2,101,14.45,8.3,4,2.24,1
2449,VA,138,415,359-7521,no,no,0,251.0,119,42.67,91.2,96,7.75,142.2,87,6.4,13.8,3,3.73,0
2458,MD,130,415,364-9567,no,yes,45,174.5,120,29.67,217.5,95,18.49,220.3,67,9.91,12.2,2,3.29,0
2462,WY,78,408,384-3902,no,no,0,220.0,95,37.4,179.9,121,15.29,188.2,109,8.47,11.5,5,3.11,0
2474,CO,66,408,329-6192,no,yes,40,141.7,87,24.09,268.3,89,22.81,241.3,68,10.86,8.5,7,2.3,0
2484,ID,67,510,336-8010,no,yes,30,186.2,117,31.65,286.7,76,24.37,164.3,113,7.39,12.9,3,3.48,0
2489,OH,94,415,393-5208,no,no,0,181.3,135,30.82,182.4,108,15.5,180.6,103,8.13,6.7,2,1.81,0
2502,IL,101,415,342-8702,no,no,0,124.8,66,21.22,257.2,85,21.86,193.2,115,8.69,13.4,4,3.62,0
2504,IN,168,415,384-2219,no,no,0,183.2,131,31.14,179.2,73,15.23,292.8,100,13.18,9.9,5,2.67,0
2513,AZ,62,408,370-8262,no,yes,42,137.3,95,23.34,184.2,94,15.66,231.4,70,10.41,10.2,3,2.75,0
2520,MO,15,415,417-9814,no,no,0,135.2,101,22.98,152.5,79,12.96,224.8,83,10.12,8.4,5,2.27,0
2533,ME,174,415,397-2870,no,no,0,190.3,98,32.35,252.7,70,21.48,220.6,97,9.93,7.2,9,1.94,0
2535,CO,81,408,372-9091,no,no,0,115.3,99,19.6,224.7,117,19.1,152.5,98,6.86,18.0,2,4.86,0
2543,SC,19,510,408-5322,no,no,0,259.4,116,44.1,269.7,109,22.92,175.3,130,7.89,9.5,3,2.57,1
2547,MA,90,408,406-1730,no,no,0,157.9,72,26.84,234.0,93,19.89,210.0,86,9.45,12.2,5,3.29,0
2562,IA,143,510,354-6183,no,yes,33,141.4,130,24.04,186.4,114,15.84,210.0,111,9.45,7.7,6,2.08,0
2566,IL,183,510,399-1750,no,no,0,108.3,87,18.41,183.6,116,15.61,176.6,109,7.95,13.5,2,3.65,0
2571,IA,64,415,374-1836,no,yes,43,118.4,100,20.13,144.1,108,12.25,158.1,91,7.11,8.5,6,2.3,0
2605,MD,106,415,409-2412,no,no,0,208.3,89,35.41,169.4,67,14.4,102.0,90,4.59,15.9,4,4.29,0
2611,LA,69,415,420-7692,no,yes,37,155.0,98,26.35,142.4,105,12.1,143.7,117,6.47,5.9,4,1.59,0
2617,OR,165,415,409-8453,no,yes,33,111.6,140,18.97,213.3,111,18.13,267.6,115,12.04,16.0,3,4.32,0
2623,IL,86,510,342-7716,no,yes,16,144.8,105,24.62,206.2,111,17.53,255.4,117,11.49,11.6,2,3.13,0
2638,MT,109,510,415-9649,no,no,0,154.8,82,26.32,287.7,109,24.45,208.4,80,9.38,5.9,9,1.59,0
2649,CO,131,415,397-7125,no,yes,23,170.8,145,29.04,236.7,93,20.12,294.5,100,13.25,12.7,1,3.43,0
2672,SC,152,408,397-9933,no,no,0,140.5,92,23.89,186.8,96,15.88,227.0,89,10.22,9.5,5,2.57,0
2684,CT,77,415,342-5701,no,no,0,221.8,84,37.71,166.0,125,14.11,210.2,72,9.46,13.2,4,3.56,0
2696,WI,72,408,383-9448,no,no,0,179.9,113,30.58,149.8,112,12.73,168.2,79,7.57,9.8,7,2.65,0
2713,DC,144,415,336-7696,no,no,0,133.3,101,22.66,255.5,127,21.72,228.6,68,10.29,11.6,2,3.13,0
2717,WV,137,510,376-4284,no,yes,50,186.5,94,31.71,178.0,106,15.13,215.6,100,9.7,12.1,4,3.27,0
2731,NJ,156,408,405-7119,no,yes,27,192.3,137,32.69,199.9,115,16.99,244.2,112,10.99,14.8,8,4.0,0
2732,NJ,127,510,405-3309,no,no,0,245.2,91,41.68,217.2,92,18.46,243.1,128,10.94,13.9,6,3.75,1
2742,VA,21,415,351-6366,no,no,0,223.2,142,37.94,216.5,114,18.4,214.7,111,9.66,12.4,2,3.35,0
2744,DE,90,415,354-9068,no,no,0,198.5,124,33.75,266.6,100,22.66,243.3,80,10.95,8.0,7,2.16,0
2750,AL,95,415,350-7273,no,no,0,229.9,116,39.08,202.4,110,17.2,171.4,105,7.71,14.2,6,3.83,0
2760,IN,130,408,334-9818,no,no,0,115.6,129,19.65,167.8,104,14.26,141.8,124,6.38,12.6,9,3.4,0
2763,DC,80,408,327-9957,no,no,0,51.5,90,8.76,164.0,98,13.94,169.4,80,7.62,9.5,4,2.57,0
2769,NV,121,408,419-2369,no,yes,44,116.0,85,19.72,150.1,120,12.76,246.8,98,11.11,12.0,2,3.24,0
2802,HI,3,408,355-2872,no,no,0,139.0,99,23.63,250.7,108,21.31,286.2,87,12.88,6.1,3,1.65,0
2810,CO,156,408,364-6445,no,no,0,150.5,106,25.59,152.9,112,13.0,215.9,86,9.72,3.5,3,0.95,0
2811,NH,90,415,383-2251,no,yes,42,193.3,66,32.86,263.3,85,22.38,214.4,97,9.65,11.1,4,3.0,0
2813,AZ,82,415,413-6380,no,yes,33,137.8,95,23.43,235.5,128,20.02,268.1,70,12.06,11.0,6,2.97,0
2832,WV,36,408,370-5001,no,no,0,175.1,144,29.77,216.9,69,18.44,243.7,146,10.97,9.9,3,2.67,0
2839,NM,178,415,398-1332,no,yes,35,175.4,88,29.82,190.0,65,16.15,138.7,94,6.24,10.5,3,2.84,0
2847,WV,104,415,354-7820,no,no,0,225.9,123,38.4,162.8,106,13.84,272.1,85,12.24,10.1,4,2.73,0
2851,WY,109,415,328-8808,no,no,0,137.0,128,23.29,217.0,116,18.45,182.1,86,8.19,10.0,5,2.7,0
2857,IA,123,415,420-6052,no,no,0,204.4,88,34.75,137.5,111,11.69,226.0,100,10.17,10.0,4,2.7,0
2863,MA,126,408,381-2745,no,yes,24,58.9,125,10.01,305.5,90,25.97,158.9,73,7.15,12.1,6,3.27,0
2868,WI,95,408,336-2190,no,no,0,237.3,83,40.34,154.0,65,13.09,237.0,105,10.67,11.2,6,3.02,0
2878,WV,133,510,333-8996,no,no,0,176.8,92,30.06,187.5,97,15.94,196.8,88,8.86,6.5,3,1.76,0
2880,SC,1,415,356-8621,no,yes,26,146.6,68,24.92,172.8,67,14.69,173.8,113,7.82,10.0,2,2.7,0
2885,UT,170,415,397-6542,no,no,0,285.7,44,48.57,167.5,144,14.24,260.0,97,11.7,8.7,4,2.35,1
2887,PA,85,408,405-9573,no,no,0,144.4,88,24.55,264.6,105,22.49,185.4,94,8.34,9.9,3,2.67,0
2891,AZ,138,415,344-6334,no,no,0,240.8,104,40.94,144.5,92,12.28,125.7,98,5.66,11.6,1,3.13,0
2893,DE,103,415,346-5053,no,yes,34,138.8,80,23.6,142.0,108,12.07,183.8,77,8.27,11.8,7,3.19,0
2900,MA,80,408,337-7879,no,yes,36,190.3,115,32.35,256.6,78,21.81,214.9,145,9.67,3.8,4,1.03,0
2933,UT,97,415,418-3181,no,no,0,209.2,134,35.56,0.0,0,0.0,175.4,94,7.89,11.8,6,3.19,0
2946,UT,95,415,341-7112,no,no,0,157.9,103,26.84,259.6,90,22.07,230.0,117,10.35,14.0,2,3.78,0
2955,TX,57,415,403-6225,no,no,0,161.0,113,27.37,208.0,134,17.68,208.1,81,9.36,8.4,4,2.27,0
2959,NC,95,408,384-3413,no,no,0,128.6,115,21.86,216.2,88,18.38,255.3,96,11.49,6.3,2,1.7,1
2965,OR,99,408,353-3372,no,no,0,256.4,44,43.59,214.5,105,18.23,233.7,75,10.52,7.9,1,2.13,1
2966,WI,103,415,386-8943,no,no,0,180.2,134,30.63,97.7,85,8.3,181.7,134,8.18,8.4,3,2.27,0
2973,MT,147,415,408-8269,no,yes,35,197.3,134,33.54,141.1,99,11.99,212.1,90,9.54,10.1,4,2.73,1
2982,NY,46,415,414-5177,no,no,0,122.2,67,20.77,167.2,62,14.21,194.8,98,8.77,9.7,6,2.62,0
2991,ID,47,415,365-4387,no,yes,28,172.9,109,29.39,137.6,94,11.7,203.8,109,9.17,8.3,6,2.24,0
3021,ND,127,415,399-1021,no,yes,23,182.0,80,30.94,216.1,85,18.37,156.9,82,7.06,9.8,4,2.65,0
3047,MI,110,510,357-5784,no,no,0,18.9,92,3.21,258.4,81,21.96,109.6,74,4.93,14.8,4,4.0,0
3068,WA,62,415,422-3454,no,no,0,100.0,98,17.0,173.5,95,14.75,218.0,122,9.81,10.1,4,2.73,0
3084,MO,174,510,342-5854,no,no,0,235.5,108,40.04,142.3,143,12.1,316.7,131,14.25,12.5,5,3.38,0
3086,MS,190,415,394-5753,yes,no,0,111.9,55,19.02,223.0,124,18.96,243.2,81,10.94,10.0,7,2.7,0
3091,SC,111,510,407-3949,no,no,0,78.3,119,13.31,198.2,94,16.85,248.5,94,11.18,12.1,4,3.27,0
3092,VA,117,408,363-4779,no,no,0,97.1,98,16.51,228.0,131,19.38,240.0,111,10.8,10.6,3,2.86,0
3098,ME,112,415,403-4816,no,no,0,185.4,114,31.52,191.4,119,16.27,144.0,78,6.48,10.0,11,2.7,0
3115,DE,139,408,390-1760,no,no,0,139.0,110,23.63,132.9,93,11.3,272.0,120,12.24,12.1,1,3.27,0
3126,IA,40,510,389-8417,no,no,0,169.7,115,28.85,141.4,123,12.02,253.0,115,11.39,10.5,3,2.84,1
3132,VT,107,510,382-1399,no,no,0,189.7,76,32.25,156.1,65,13.27,244.0,91,10.98,8.3,3,2.24,0
3152,ME,56,408,385-5688,no,no,0,221.9,112,37.72,278.2,122,23.65,288.1,85,12.96,7.1,5,1.92,1
3168,NH,152,510,336-9273,no,no,0,228.1,93,38.78,136.4,106,11.59,197.3,107,8.88,9.0,2,2.43,0
3176,MD,51,510,378-6986,no,yes,28,276.7,121,47.04,203.7,99,17.31,246.2,88,11.08,8.3,3,2.24,0
3180,UT,110,408,332-1690,no,no,0,192.6,102,32.74,178.9,118,15.21,214.6,74,9.66,9.4,4,2.54,0
3188,WV,58,408,391-6558,no,yes,39,211.9,40,36.02,274.4,76,23.32,210.5,139,9.47,5.4,4,1.46,0
3189,ND,148,415,396-4234,yes,no,0,218.7,111,37.18,155.6,133,13.23,277.4,62,12.48,8.2,5,2.21,0
3190,WA,76,510,345-6961,yes,no,0,246.8,110,41.96,206.3,63,17.54,208.4,123,9.38,13.2,5,3.56,1
3193,OK,35,510,350-2340,no,yes,37,181.2,76,30.8,177.6,98,15.1,228.0,136,10.26,5.0,3,1.35,0
3196,ID,77,510,399-7029,no,yes,29,211.1,89,35.89,223.5,97,19.0,148.4,106,6.68,9.7,9,2.62,0
3201,CT,100,510,416-1536,yes,no,0,107.2,98,18.22,86.8,122,7.38,156.2,117,7.03,9.7,4,2.62,0
3202,MN,59,408,386-3796,no,yes,32,211.9,120,36.02,202.9,136,17.25,213.5,95,9.61,8.8,5,2.38,0
3220,NY,150,415,421-6268,no,yes,35,139.6,72,23.73,332.8,170,28.29,213.8,105,9.62,8.8,2,2.38,0
3227,ME,100,510,351-2815,no,no,0,264.5,117,44.97,194.0,111,16.49,262.7,111,11.82,7.5,4,2.03,1
3237,AK,121,408,382-5743,no,yes,34,245.0,95,41.65,216.9,66,18.44,112.4,125,5.06,7.5,8,2.03,0
3248,OK,146,510,377-4975,no,no,0,138.4,104,23.53,158.9,122,13.51,47.4,73,2.13,3.9,9,1.05,1
3265,RI,89,415,414-1537,no,yes,24,97.8,98,16.63,207.2,67,17.61,214.5,126,9.65,5.9,2,1.59,0
3278,OK,134,415,378-2397,no,no,0,164.9,115,28.03,126.5,96,10.75,238.5,125,10.73,10.0,9,2.7,0
3286,KS,57,415,362-2067,no,no,0,158.1,117,26.88,115.2,149,9.79,182.4,92,8.21,11.8,7,3.19,0
3291,CA,127,510,388-4331,no,no,0,107.9,128,18.34,187.0,77,15.9,218.5,95,9.83,0.0,0,0.0,0
3295,MO,116,408,371-1139,no,no,0,51.1,106,8.69,208.6,137,17.73,198.0,92,8.91,12.3,3,3.32,0
3298,ME,148,408,347-9995,no,yes,33,241.7,84,41.09,165.8,84,14.09,160.6,80,7.23,11.3,3,3.05,0
3308,OK,172,408,398-3632,no,no,0,203.9,109,34.66,234.0,123,19.89,160.7,65,7.23,17.8,4,4.81,0
3312,LA,128,415,361-2170,no,no,0,147.7,94,25.11,283.3,83,24.08,188.3,124,8.47,6.9,5,1.86,0
3320,WY,89,415,378-6924,no,no,0,115.4,99,19.62,209.9,115,17.84,280.9,112,12.64,15.9,6,4.29,0
3321,GA,122,510,411-5677,yes,no,0,140.0,101,23.8,196.4,77,16.69,120.1,133,5.4,9.7,4,2.62,1
3327,OH,96,415,347-6812,no,no,0,106.6,128,18.12,284.8,87,24.21,178.9,92,8.05,14.9,7,4.02,0
3331,RI,28,510,328-8230,no,no,0,180.8,109,30.74,288.8,58,24.55,191.9,91,8.64,14.1,6,3.81,0
3334,HI,101,510,354-8815,no,no,0,70.9,123,12.05,211.9,73,18.01,236.0,73,10.62,10.6,3,2.86,0
3357,DE,42,415,365-4330,no,yes,31,170.8,101,29.04,233.4,104,19.84,174.2,121,7.84,11.0,3,2.97,0
3359,OR,117,415,328-1642,no,yes,38,259.3,94,44.08,245.6,71,20.88,269.3,125,12.12,9.2,1,2.48,0
3360,NE,76,415,419-9753,no,yes,41,212.6,110,36.14,172.7,97,14.68,186.3,78,8.38,10.1,5,2.73,0
3361,ID,72,415,413-5754,yes,no,0,101.0,110,17.17,240.0,70,20.4,333.5,105,15.01,11.1,6,3.0,0
3372,NE,161,415,329-1253,no,no,0,166.2,125,28.25,279.4,78,23.75,181.0,85,8.15,13.4,6,3.62,0
3381,WV,66,415,381-5680,no,no,0,239.6,120,40.73,230.3,110,19.58,153.0,82,6.89,8.6,3,2.32,0
3391,SD,93,510,416-7735,no,no,0,215.5,108,36.64,230.9,70,19.63,144.1,134,6.48,13.2,4,3.56,0
3407,NE,135,415,332-1979,no,no,0,181.8,92,30.91,159.6,63,13.57,232.4,78,10.46,7.0,6,1.89,0
3410,WV,64,415,381-8901,no,no,0,160.6,110,27.3,171.9,97,14.61,105.2,56,4.73,7.3,2,1.97,1
3432,NC,52,408,346-7021,no,yes,31,122.2,88,20.77,139.0,100,11.82,141.9,141,6.39,5.7,10,1.54,0
3441,AL,69,408,405-5324,no,yes,27,188.4,104,32.03,320.6,128,27.25,161.7,120,7.28,9.7,7,2.62,0
3451,GA,107,408,349-3217,no,no,0,114.9,119,19.53,239.7,91,20.37,165.3,112,7.44,12.6,5,3.4,0
3454,NY,90,415,346-8648,no,no,0,180.0,58,30.6,229.4,88,19.5,162.2,110,7.3,13.2,9,3.56,0
3461,VT,33,408,407-1073,no,yes,33,221.4,110,37.64,276.1,86,23.47,222.9,102,10.03,10.1,4,2.73,0
3466,CO,53,510,417-1779,no,yes,24,201.7,87,34.29,251.7,97,21.39,297.4,95,13.38,7.9,5,2.13,0
3467,NH,148,510,329-5479,no,no,0,168.8,102,28.7,248.1,125,21.09,250.7,96,11.28,10.6,4,2.86,0
3470,WV,113,510,374-5952,no,yes,28,264.4,93,44.95,222.8,79,18.94,213.7,88,9.62,10.0,4,2.7,0
3471,IL,55,415,348-1875,no,no,0,203.7,80,34.63,230.2,112,19.57,120.3,48,5.41,9.4,1,2.54,0
3475,DC,170,408,401-5724,no,yes,34,125.3,128,21.3,240.6,104,20.45,243.4,109,10.95,7.0,3,1.89,0
3479,AL,96,415,391-1432,no,yes,18,262.9,57,44.69,190.2,107,16.17,293.5,103,13.21,11.8,4,3.19,0
3482,IA,157,510,387-3219,no,no,0,102.9,94,17.49,229.1,96,19.47,198.7,129,8.94,13.6,2,3.67,0
3486,VA,104,415,390-3956,no,no,0,139.7,112,23.75,199.8,127,16.98,189.3,104,8.52,10.3,2,2.78,0
3497,ME,146,415,411-8186,no,no,0,174.3,113,29.63,200.7,107,17.06,281.2,145,12.65,11.6,3,3.13,0
3498,NJ,143,408,410-9584,yes,no,0,186.9,98,31.77,196.5,110,16.7,215.3,104,9.69,12.3,3,3.32,0
3499,WA,114,510,388-2278,yes,no,0,115.6,93,19.65,163.2,78,13.87,251.3,104,11.31,9.7,1,2.62,1
3500,WY,113,408,413-8889,no,no,0,158.4,107,26.93,142.2,104,12.09,174.7,108,7.86,14.9,2,4.02,0
3509,VA,130,415,358-6530,no,no,0,138.7,68,23.58,205.6,102,17.48,231.2,108,10.4,13.6,3,3.67,0
3514,WY,63,415,385-9991,no,no,0,120.1,103,20.42,179.2,132,15.23,127.3,82,5.73,6.3,4,1.7,0
3522,LA,140,415,406-5761,no,yes,27,176.0,141,29.92,201.3,143,17.11,167.9,93,7.56,7.1,5,1.92,0
3523,OH,176,415,390-9380,no,yes,31,167.0,93,28.39,174.1,128,14.8,155.0,124,6.98,10.4,4,2.81,0
3529,CT,106,510,414-9745,no,yes,36,124.8,93,21.22,241.7,83,20.54,219.0,110,9.86,11.3,3,3.05,0
3533,OK,127,408,345-3986,no,no,0,212.9,92,36.19,260.1,124,22.11,177.6,85,7.99,8.6,2,2.32,0
3534,NH,79,408,370-2864,no,yes,30,124.8,99,21.22,207.6,142,17.65,175.0,95,7.88,4.6,3,1.24,0
3539,DC,165,415,372-7067,yes,no,0,81.4,110,13.84,263.7,150,22.41,219.7,107,9.89,12.2,3,3.29,0
3541,ME,79,510,389-3015,yes,no,0,300.4,113,51.07,210.8,93,17.92,173.4,121,7.8,11.9,3,3.21,1
3565,RI,127,510,389-6900,no,no,0,211.1,62,35.89,235.2,143,19.99,227.5,66,10.24,15.6,3,4.21,0
3566,NY,108,415,383-1564,no,yes,19,312.4,98,53.11,271.4,122,23.07,162.6,91,7.32,10.1,6,2.73,0
3583,MN,122,415,420-8636,no,no,0,126.0,89,21.42,147.0,95,12.5,280.2,97,12.61,5.6,4,1.51,0
3584,NV,94,510,419-9987,no,no,0,175.9,121,29.9,222.1,94,18.88,191.8,123,8.63,10.9,5,2.94,0
3588,WV,78,408,398-1652,no,no,0,226.3,88,38.47,306.2,81,26.03,200.9,120,9.04,7.8,11,2.11,1
3596,ID,69,510,403-8396,yes,no,0,199.7,121,33.95,189.4,92,16.1,264.0,120,11.88,11.1,4,3.0,1
3604,OK,78,510,420-7382,no,no,0,140.0,84,23.8,216.8,73,18.43,224.5,102,10.1,9.0,6,2.43,0
3607,MS,171,510,345-5735,yes,no,0,191.6,83,32.57,181.1,103,15.39,195.3,73,8.79,8.6,3,2.32,0
3642,KY,122,415,413-5746,no,no,0,128.9,136,21.91,244.4,133,20.77,148.7,133,6.69,10.7,5,2.89,0
3643,WY,87,415,408-4744,no,yes,16,257.4,91,43.76,232.0,101,19.72,143.2,73,6.44,14.7,2,3.97,0
3660,NE,23,415,391-5977,no,no,0,155.6,122,26.45,223.8,82,19.02,50.9,130,2.29,10.6,3,2.86,1
3666,WV,166,408,403-2223,no,yes,41,196.7,109,33.44,124.3,107,10.57,198.3,94,8.92,11.0,5,2.97,1
3678,MT,94,510,352-6483,no,no,0,210.2,95,35.73,191.2,87,16.25,150.8,111,6.79,9.4,3,2.54,0
3685,WV,57,415,332-7925,no,no,0,167.1,103,28.41,188.4,112,16.01,111.4,74,5.01,9.1,2,2.46,0
3688,NC,52,408,416-2198,yes,no,0,144.5,60,24.57,296.5,129,25.2,194.3,117,8.74,12.4,3,3.35,0
3706,MD,101,408,382-6944,no,no,0,155.4,71,26.42,84.0,122,7.14,229.1,97,10.31,5.8,1,1.57,0
3709,ID,113,408,391-3822,no,no,0,210.2,109,35.73,199.4,81,16.95,173.3,94,7.8,9.9,4,2.67,0
3724,GA,80,408,362-6277,no,no,0,142.9,70,24.29,221.6,83,18.84,121.4,111,5.46,15.2,4,4.1,0
3729,DC,53,415,377-7174,no,yes,22,76.1,115,12.94,171.2,119,14.55,246.3,126,11.08,6.0,2,1.62,0
3730,NE,115,415,334-8613,yes,no,0,147.7,105,25.11,184.1,68,15.65,153.5,102,6.91,12.7,5,3.43,0
3751,ND,141,415,366-2610,no,no,0,208.5,129,35.45,190.3,86,16.18,144.7,93,6.51,12.0,9,3.24,0
3767,MS,173,415,400-6867,no,no,0,82.1,75,13.96,201.2,95,17.1,206.7,146,9.3,9.6,2,2.59,0
3775,CO,135,408,372-1837,no,yes,38,202.6,92,34.44,169.6,93,14.42,185.8,108,8.36,11.9,6,3.21,0
3776,NJ,83,408,401-1368,no,no,0,48.4,105,8.23,139.7,86,11.87,154.1,80,6.93,11.5,4,3.11,0
3780,MN,141,408,362-8044,no,no,0,77.8,123,13.23,144.4,119,12.27,75.3,65,3.39,5.7,7,1.54,0
3782,KS,81,510,343-1388,no,no,0,139.8,98,23.77,247.2,103,21.01,241.0,113,10.85,11.7,3,3.16,0
3793,UT,80,415,369-9112,no,yes,33,189.4,109,32.2,148.7,68,12.64,208.9,119,9.4,11.2,4,3.02,1
3799,MO,131,415,415-6807,no,no,0,201.1,141,34.19,216.5,93,18.4,217.4,132,9.78,11.5,4,3.11,0
3808,FL,115,510,374-1456,no,no,0,143.6,135,24.41,278.0,119,23.63,46.7,84,2.1,12.7,3,3.43,0
3816,OR,88,408,418-9072,no,no,0,192.6,96,32.74,184.0,92,15.64,173.6,113,7.81,8.8,6,2.38,0
3817,WI,89,408,401-9588,no,no,0,234.8,95,39.92,109.7,87,9.32,180.3,99,8.11,10.4,2,2.81,0
3819,KS,124,510,405-6226,no,no,0,247.2,84,42.02,161.9,130,13.76,170.3,73,7.66,6.1,6,1.65,0
3830,MI,173,415,349-6209,yes,yes,18,127.2,89,21.62,130.7,114,11.11,229.7,115,10.34,11.2,5,3.02,0
3837,WV,74,408,410-2547,no,no,0,176.1,79,29.94,208.3,105,17.71,237.5,86,10.69,16.1,4,4.35,0
3850,VA,94,415,365-5486,no,no,0,208.1,72,35.38,188.0,79,15.98,162.0,96,7.29,4.6,5,1.24,0
3857,CO,49,415,398-3157,no,no,0,172.0,142,29.24,224.0,100,19.04,177.3,86,7.98,7.4,1,2.0,0
3859,IN,131,415,332-2568,no,yes,29,42.1,114,7.16,183.3,70,15.58,158.7,82,7.14,10.0,1,2.7,0
3885,OK,152,415,358-2313,no,no,0,284.6,113,48.38,141.8,101,12.05,127.4,78,5.73,12.6,5,3.4,0
3887,SC,36,415,400-6146,no,no,0,184.6,132,31.38,193.7,69,16.46,283.5,83,12.76,5.9,3,1.59,0
3900,NH,163,415,382-5328,no,yes,39,268.1,104,45.58,216.6,65,18.41,359.9,118,16.2,11.4,4,3.08,0
3901,IL,103,408,383-4867,no,no,0,205.2,74,34.88,200.8,97,17.07,251.1,94,11.3,11.2,1,3.02,0
3905,NM,103,408,417-6460,no,no,0,107.9,111,18.34,166.9,129,14.19,208.5,78,9.38,9.7,3,2.62,0
3910,KY,155,510,372-8097,yes,yes,38,234.6,84,39.88,214.9,119,18.27,196.7,69,8.85,8.0,2,2.16,1
3922,AK,104,415,362-7200,no,no,0,174.1,97,29.6,174.6,104,14.84,182.7,158,8.22,9.3,4,2.51,0
3929,NC,111,415,382-9271,no,no,0,162.1,98,27.56,217.6,87,18.5,264.1,107,11.88,7.7,1,2.08,0
3935,GA,84,408,389-1031,yes,yes,18,136.8,114,23.26,200.3,110,17.03,199.0,86,8.96,8.0,4,2.16,0
3936,AL,109,415,357-9596,no,no,0,168.0,103,28.56,190.8,100,16.22,196.9,65,8.86,7.1,4,1.92,0
3942,MA,113,510,393-9216,no,no,0,193.1,93,32.83,206.4,85,17.54,215.9,102,9.72,11.1,2,3.0,0
3950,AK,91,510,329-1971,no,no,0,197.3,120,33.54,202.4,89,17.2,290.5,128,13.07,15.3,7,4.13,0
3956,KY,132,415,390-1966,no,no,0,172.7,90,29.36,344.0,62,29.24,301.6,113,13.57,5.5,4,1.49,0
3968,UT,91,510,379-2614,no,no,0,142.6,90,24.24,286.8,102,24.38,222.2,113,10.0,14.8,3,4.0,0
3975,WI,82,408,395-4108,no,no,0,217.6,82,36.99,169.4,101,14.4,248.9,124,11.2,12.7,3,3.43,0
3986,MO,137,510,400-3457,no,no,0,79.5,121,13.52,164.1,86,13.95,121.8,108,5.48,11.7,7,3.16,0
4018,MD,105,408,343-6686,no,no,0,141.8,85,24.11,191.3,101,16.26,133.6,126,6.01,10.9,3,2.94,0
4027,SC,94,408,410-7256,no,no,0,229.2,103,38.96,163.9,133,13.93,190.1,67,8.55,7.4,6,2.0,0
4033,DE,29,415,387-4222,no,no,0,163.7,109,27.83,207.3,88,17.62,266.2,101,11.98,10.4,2,2.81,0
4036,NM,68,415,338-2768,no,no,0,248.6,59,42.26,199.1,126,16.92,112.5,117,5.06,6.5,3,1.76,0
4054,LA,61,408,400-3569,no,no,0,140.8,126,23.94,212.5,115,18.06,141.7,79,6.38,6.4,5,1.73,1
4056,MD,104,415,414-5978,no,no,0,153.7,86,26.13,160.3,78,13.63,176.6,140,7.95,9.6,8,2.59,0
4058,DC,29,510,366-2822,no,no,0,182.1,92,30.96,180.4,91,15.33,206.4,128,9.29,7.2,2,1.94,0
4066,AL,115,415,338-7859,no,no,0,265.9,112,45.2,132.9,94,11.3,185.2,106,8.33,14.6,7,3.94,0
4102,CO,109,510,352-5412,no,no,0,150.6,106,25.6,147.4,108,12.53,173.2,109,7.79,9.5,5,2.57,0
4103,MS,53,510,365-8548,no,no,0,198.3,100,33.71,304.2,93,25.86,131.5,85,5.92,9.2,5,2.48,0
4110,MN,115,408,420-7897,no,no,0,173.5,121,29.5,168.3,100,14.31,138.3,105,6.22,7.8,5,2.11,0
4113,KY,110,408,342-8693,no,no,0,244.7,84,41.6,106.4,95,9.04,194.9,61,8.77,10.5,1,2.84,1
4119,OR,175,415,414-1467,no,no,0,185.0,104,31.45,325.8,86,27.69,85.4,105,3.84,14.6,2,3.94,0
4130,SC,106,510,377-9526,no,no,0,168.4,85,28.63,123.3,95,10.48,162.5,83,7.31,4.6,4,1.24,0
4132,OK,94,415,371-8929,no,no,0,255.1,96,43.37,276.9,67,23.54,226.5,74,10.19,10.6,2,2.86,1
4133,NJ,116,415,329-8540,no,no,0,154.0,127,26.18,280.4,68,23.83,213.0,56,9.58,8.6,2,2.32,0
4135,WA,45,415,381-1712,no,no,0,135.0,116,22.95,159.0,108,13.52,170.3,130,7.66,11.1,15,3.0,0
4139,KY,102,415,396-8551,yes,no,0,209.8,85,35.67,165.7,100,14.08,230.1,92,10.35,8.7,6,2.35,0
4152,NV,77,415,337-1993,no,no,0,215.5,81,36.64,170.9,100,14.53,170.3,59,7.66,10.3,3,2.78,0
4156,RI,131,415,399-1939,no,no,0,131.3,39,22.32,242.9,101,20.65,278.8,100,12.55,8.5,2,2.3,0
4169,WY,39,510,329-1120,no,yes,38,201.8,66,34.31,200.1,87,17.01,173.7,112,7.82,9.5,3,2.57,0
4170,WV,193,415,339-6887,no,no,0,180.5,114,30.69,117.9,80,10.02,192.9,97,8.68,10.2,4,2.75,0
4179,DC,86,408,387-5618,no,no,0,178.3,94,30.31,264.4,74,22.47,284.6,109,12.81,15.0,2,4.05,0
4181,AL,55,415,373-4542,no,yes,28,222.5,134,37.83,177.8,106,15.11,194.6,90,8.76,9.7,4,2.62,0
4182,KY,127,415,384-1895,no,no,0,264.5,75,44.97,179.2,91,15.23,141.9,93,6.39,8.0,1,2.16,0
4196,OR,149,415,327-6947,no,no,0,114.5,103,19.47,228.8,100,19.45,135.8,74,6.11,10.7,3,2.89,0
4200,WA,70,415,327-7615,no,no,0,229.3,110,38.98,118.2,89,10.05,155.0,105,6.98,7.9,4,2.13,0
4214,NM,77,408,407-7760,yes,no,0,192.7,82,32.76,198.0,91,16.83,204.2,95,9.19,9.0,6,2.43,0
4221,RI,85,408,403-1286,no,no,0,142.7,82,24.26,179.1,106,15.22,141.4,88,6.36,5.0,8,1.35,0
4229,CO,141,408,407-1461,no,no,0,264.3,90,44.93,216.4,101,18.39,208.8,72,9.4,9.6,3,2.59,1
4243,ID,125,408,347-1182,no,no,0,175.9,98,29.9,192.8,148,16.39,278.2,110,12.52,10.6,5,2.86,0
4259,MO,86,510,342-4634,no,no,0,223.0,109,37.91,286.2,76,24.33,257.8,132,11.6,7.5,7,2.03,1
4267,MN,56,415,349-3065,no,no,0,222.9,100,37.89,145.2,110,12.34,170.6,129,7.68,5.6,8,1.51,0
4277,ND,120,415,371-7098,no,no,0,174.1,108,29.6,209.6,96,17.82,267.5,99,12.04,11.6,2,3.13,0
4279,FL,158,415,409-1729,no,no,0,123.3,115,20.96,130.4,91,11.08,243.7,119,10.97,11.2,3,3.02,0
4284,TN,45,415,360-8131,yes,no,0,189.6,96,32.23,171.7,69,14.59,222.0,102,9.99,13.9,7,3.75,1
4287,FL,152,408,394-5397,no,yes,26,214.8,82,36.52,226.7,135,19.27,206.7,97,9.3,7.6,11,2.05,0
4317,NH,131,415,372-1849,no,no,0,227.7,134,38.71,162.7,88,13.83,279.4,90,12.57,8.9,7,2.4,0
4323,NV,138,408,367-8176,no,no,0,180.5,82,30.69,242.4,103,20.6,244.4,89,11.0,10.3,7,2.78,0
4336,VA,136,415,416-6760,no,no,0,110.2,92,18.73,219.4,109,18.65,188.1,67,8.46,12.3,4,3.32,0
4346,AL,106,415,394-5644,no,no,0,222.1,123,37.76,276.8,92,23.53,213.5,99,9.61,9.0,3,2.43,0
4352,WV,35,408,351-6644,no,no,0,179.8,82,30.57,176.1,78,14.97,132.6,85,5.97,12.0,5,3.24,0
4364,WA,112,408,418-1678,no,no,0,135.1,112,22.97,226.3,85,19.24,115.2,108,5.18,11.1,6,3.0,0
4389,TN,93,415,329-9685,no,yes,21,213.8,103,36.35,257.7,72,21.9,218.4,114,9.83,7.2,6,1.94,0
4397,KY,55,415,368-8579,no,yes,37,197.5,89,33.58,228.7,141,19.44,313.4,121,14.1,19.7,2,5.32,0
4398,OH,69,510,366-8322,no,no,0,221.6,88,37.67,231.8,87,19.7,211.7,116,9.53,8.6,9,2.32,0
4406,ID,137,510,348-6721,no,no,0,203.1,97,34.53,132.0,76,11.22,250.9,94,11.29,9.2,4,2.48,0
4409,WA,65,415,351-4517,no,no,0,189.3,74,32.18,205.3,90,17.45,228.2,78,10.27,8.5,13,2.3,0
4424,AR,57,415,349-8594,no,yes,26,138.7,99,23.58,134.5,105,11.43,261.7,95,11.78,13.0,5,3.51,0
4441,LA,111,408,339-3672,no,yes,33,154.0,122,26.18,207.3,123,17.62,186.2,105,8.38,10.8,8,2.92,0
4451,TX,46,415,399-5167,no,no,0,230.7,117,39.22,186.2,84,15.83,182.2,109,8.2,9.2,4,2.48,0
4452,MN,44,408,375-8931,no,no,0,207.2,90,35.22,178.6,76,15.18,182.0,74,8.19,0.0,0,0.0,0
4463,HI,71,415,341-2862,no,no,0,119.9,108,20.38,240.7,82,20.46,151.1,124,6.8,8.1,7,2.19,0
4473,WV,94,415,356-3006,yes,yes,39,115.5,90,19.64,122.5,99,10.41,197.7,110,8.9,7.0,3,1.89,0
4476,SC,117,415,349-3633,no,yes,35,190.7,100,32.42,209.7,107,17.82,202.5,101,9.11,12.4,5,3.35,0
4479,AK,109,415,372-8261,no,yes,40,155.9,110,26.5,161.2,99,13.7,229.2,81,10.31,11.5,13,3.11,0
4482,OH,135,510,406-5144,no,no,0,112.7,123,19.16,280.0,90,23.8,251.9,110,11.34,10.4,2,2.81,0
4497,OR,103,408,412-4971,no,no,0,185.8,118,31.59,86.8,84,7.38,208.4,115,9.38,10.7,9,2.89,0
4500,MO,128,510,366-5049,no,no,0,221.0,109,37.57,219.0,107,18.62,229.4,113,10.32,8.6,5,2.32,0
4515,CT,169,510,377-9636,no,no,0,192.8,98,32.78,273.2,125,23.22,266.3,102,11.98,11.4,6,3.08,0
4520,MO,90,408,398-4699,yes,no,0,207.1,87,35.21,208.5,87,17.72,146.0,95,6.57,4.4,5,1.19,0
4521,FL,131,408,387-9043,no,no,0,136.8,84,23.26,179.4,81,15.25,235.2,151,10.58,5.0,3,1.35,0
4528,NV,25,415,373-1739,no,no,0,250.1,108,42.52,221.9,97,18.86,208.5,84,9.38,11.1,3,3.0,0
4547,KY,114,408,363-1871,no,no,0,204.4,91,34.75,239.6,136,20.37,235.0,64,10.58,11.5,3,3.11,0
4551,WY,69,415,342-6200,no,no,0,211.7,94,35.99,236.1,124,20.07,252.7,90,11.37,7.2,2,1.94,0
4558,TN,25,415,337-3699,no,no,0,114.4,114,19.45,201.1,97,17.09,238.4,121,10.73,11.6,4,3.13,0
4561,ME,82,415,364-4535,no,yes,23,249.4,117,42.4,195.8,100,16.64,162.2,94,7.3,12.3,2,3.32,0
4586,KY,140,408,327-9613,no,yes,24,235.4,92,40.02,160.9,71,13.68,211.9,99,9.54,8.9,2,2.4,0
4591,KY,77,415,330-5602,no,yes,32,192.2,101,32.67,165.4,84,14.06,230.2,129,10.36,8.0,6,2.16,0
4594,MS,45,415,419-9550,no,yes,18,168.0,127,28.56,155.5,76,13.22,152.7,127,6.87,11.8,5,3.19,0
4603,OR,37,408,369-5896,no,no,0,257.3,117,43.74,134.5,92,11.43,306.2,102,13.78,8.2,5,2.21,0
4611,NM,138,408,419-8866,no,no,0,63.7,114,10.83,212.2,132,18.04,247.6,114,11.14,8.8,4,2.38,0
4613,NY,57,510,345-7512,no,yes,25,144.0,81,24.48,187.2,112,15.91,158.6,122,7.14,8.5,6,2.3,0
4620,NC,166,415,419-2044,no,yes,26,152.1,114,25.86,89.3,67,7.59,194.6,111,8.76,7.5,6,2.03,0
4623,VA,86,415,422-8906,no,no,0,231.9,73,39.42,165.9,123,14.1,225.7,86,10.16,11.5,3,3.11,0
4629,AR,41,415,388-6925,no,no,0,102.9,114,17.49,107.9,119,9.17,277.6,99,12.49,11.0,4,2.97,1
4634,PA,140,415,407-6746,no,no,0,220.1,100,37.42,182.2,112,15.49,250.3,98,11.26,11.6,8,3.13,0
4644,TN,114,415,393-3431,yes,no,0,200.7,72,34.12,271.2,79,23.05,188.2,97,8.47,13.4,7,3.62,1
4659,IN,91,415,396-1316,no,no,0,289.3,73,49.18,179.8,86,15.28,186.7,94,8.4,6.4,7,1.73,1
4662,TX,110,415,409-9699,no,yes,30,144.1,87,24.5,229.8,88,19.53,174.7,90,7.86,12.4,4,3.35,0
4678,OK,82,408,387-7338,no,no,0,182.3,106,30.99,259.9,102,22.09,150.5,98,6.77,10.9,6,2.94,0
4681,WA,124,510,417-9122,no,no,0,178.8,64,30.4,226.0,118,19.21,240.5,89,10.82,5.5,4,1.49,0
4686,OR,92,415,343-2507,no,no,0,114.6,94,19.48,209.0,78,17.77,209.7,97,9.44,8.3,5,2.24,0
4693,MA,98,415,413-2720,no,no,0,182.6,76,31.04,145.2,75,12.34,162.6,127,7.32,12.0,1,3.24,1
4706,UT,140,415,361-7995,no,no,0,160.5,123,27.29,185.9,110,15.8,150.4,94,6.77,10.7,5,2.89,0
4720,UT,57,415,347-9629,no,no,0,202.0,100,34.34,168.9,90,14.36,231.8,119,10.43,3.4,4,0.92,0
4743,MT,49,415,370-8625,yes,no,0,157.6,101,26.79,256.4,69,21.79,260.8,107,11.74,9.8,4,2.65,0
4759,SC,125,408,402-1792,no,no,0,143.6,119,24.41,238.5,119,20.27,173.6,89,7.81,10.9,4,2.94,0
4785,VA,100,415,378-3789,no,no,0,174.2,93,29.61,235.0,101,19.98,264.2,83,11.89,9.9,7,2.67,0
4788,MO,109,415,335-1545,no,yes,39,86.4,69,14.69,189.1,108,16.07,225.4,119,10.14,4.8,4,1.3,0
4801,NE,86,408,334-6819,no,no,0,113.1,77,19.23,294.4,126,25.02,101.4,94,4.56,13.4,3,3.62,0
4806,MD,47,415,406-6159,no,no,0,111.3,92,18.92,109.4,108,9.3,116.9,80,5.26,10.8,8,2.92,0
4809,ID,145,415,365-8541,no,no,0,219.0,98,37.23,176.1,109,14.97,166.3,132,7.48,6.8,3,1.84,0
4813,TX,38,415,393-7275,no,yes,38,175.6,127,29.85,260.5,118,22.14,199.5,109,8.98,12.3,2,3.32,0
4816,AR,74,415,418-3129,no,no,0,201.4,112,34.24,109.6,71,9.32,200.2,135,9.01,10.7,2,2.89,0
4817,GA,18,415,352-9179,no,no,0,156.0,88,26.52,213.8,127,18.17,244.9,113,11.02,11.4,9,3.08,0
4831,TX,30,415,376-7462,no,no,0,195.2,100,33.18,179.8,95,15.28,298.3,115,13.42,11.5,4,3.11,0
4841,MA,95,415,396-4480,no,no,0,186.4,85,31.69,173.4,100,14.74,294.7,73,13.26,9.1,5,2.46,0
4857,TX,14,415,336-2264,no,no,0,271.9,104,46.22,171.4,104,14.57,239.2,111,10.76,13.8,4,3.73,1
4862,CO,74,415,338-3883,yes,no,0,267.5,134,45.48,242.5,110,20.61,223.0,108,10.04,8.3,4,2.24,1
4869,SC,183,415,408-8744,no,yes,31,211.9,126,36.02,224.3,125,19.07,226.2,125,10.18,13.8,2,3.73,0
4877,IL,85,415,334-3001,no,no,0,187.0,95,31.79,163.6,136,13.91,212.3,105,9.55,7.9,2,2.13,0
4882,CA,19,408,417-5848,no,no,0,146.8,99,24.96,190.5,101,16.19,146.1,68,6.57,9.3,2,2.51,0
4895,UT,39,415,337-4677,no,yes,17,230.7,122,39.22,207.1,85,17.6,208.9,73,9.4,9.2,1,2.48,0
4906,AZ,98,408,420-2042,no,yes,40,212.1,90,36.06,233.9,110,19.88,234.0,84,10.53,7.1,4,1.92,0
4913,MN,89,510,363-6514,no,no,0,86.0,105,14.62,215.5,102,18.32,185.7,83,8.36,8.2,3,2.21,0
4914,AR,71,408,366-7180,no,yes,24,139.8,58,23.77,253.8,110,21.57,252.8,113,11.38,11.1,6,3.0,0
4937,WV,102,510,334-5912,no,no,0,145.8,59,24.79,223.1,109,18.96,219.2,104,9.86,9.8,3,2.65,0
4940,MN,30,408,388-1635,no,no,0,112.9,81,19.19,224.8,68,19.11,188.4,122,8.48,11.3,7,3.05,1
4942,AL,57,415,353-4406,no,no,0,190.1,114,32.32,274.5,96,23.33,132.5,122,5.96,9.2,5,2.48,0
4943,OH,145,408,373-7237,no,no,0,185.9,106,31.6,209.7,112,17.82,224.7,87,10.11,9.3,4,2.51,0
4945,AR,73,415,360-5514,no,no,0,184.7,109,31.4,161.3,108,13.71,148.8,103,6.7,11.3,4,3.05,0
4960,NM,137,408,357-5946,yes,no,0,312.4,110,53.11,231.1,73,19.64,120.1,78,5.4,10.6,2,2.86,1
4965,MO,126,510,329-8503,no,no,0,150.8,105,25.64,157.1,85,13.35,210.0,102,9.45,10.7,3,2.89,0
4974,ND,81,415,342-2543,no,no,0,234.1,105,39.8,237.4,88,20.18,240.6,85,10.83,11.4,4,3.08,0
4982,NC,61,510,408-3742,no,no,0,7.2,97,1.22,221.8,78,18.85,174.5,94,7.85,12.0,4,3.24,0
4986,NC,118,510,344-6099,no,yes,31,226.6,99,38.52,164.9,136,14.02,189.3,120,8.52,10.2,5,2.75,0
4993,MT,83,415,355-3630,no,no,0,188.3,70,32.01,243.8,88,20.72,213.7,79,9.62,10.3,6,2.78,0
4995,NC,75,408,417-1886,no,no,0,170.7,101,29.02,193.1,126,16.41,129.1,104,5.81,6.9,7,1.86,0
4997,WV,152,415,334-9736,no,no,0,184.2,90,31.31,256.8,73,21.83,213.6,113,9.61,14.7,2,3.97,1
